incident_id,date,country,customer_type,tracking_number,carrier,category,description,status,customer_email,satisfaction_score
TRF-000001,2026-09-15,US,B2B,TRACK000001,UPS,LOST_PARCEL,Incident regarding lost parcel,OPEN,customer0001@example.com,
TRF-000002,2026-09-15,US,B2B,TRACK000002,UPS,LOST_PARCEL,Incident regarding lost parcel,OPEN,customer0002@example.com,
TRF-000003,2026-09-15,US,B2B,TRACK000003,UPS,LOST_PARCEL,Incident regarding lost parcel,OPEN,customer0003@example.com,
TRF-000004,2026-09-15,US,B2B,TRACK000004,UPS,LOST_PARCEL,Incident regarding lost parcel,OPEN,customer0004@example.com,
TRF-000005,2026-09-15,US,B2B,TRACK000005,UPS,LOST_PARCEL,Incident regarding lost parcel,OPEN,customer0005@example.com,
TRF-000006,2026-09-15,US,B2B,TRACK000006,UPS,LOST_PARCEL,Incident regarding lost parcel,OPEN,customer0006@example.com,
TRF-000007,2026-09-15,US,B2B,TRACK000007,UPS,LOST_PARCEL,Incident regarding lost parcel,OPEN,customer0007@example.com,
TRF-000008,2026-09-15,US,B2B,TRACK000008,UPS,LOST_PARCEL,Incident regarding lost parcel,OPEN,customer0008@example.com,
TRF-000009,2026-09-15,US,B2B,TRACK000009,UPS,LOST_PARCEL,Incident regarding lost parcel,OPEN,customer0009@example.com,
TRF-000010,2026-09-15,US,B2B,TRACK000010,UPS,LOST_PARCEL,Incident regarding lost parcel,OPEN,customer0010@example.com,
TRF-000011,2026-09-15,US,B2B,TRACK000011,UPS,LOST_PARCEL,Incident regarding lost parcel,OPEN,customer0011@example.com,
TRF-000012,2026-09-15,US,B2B,TRACK000012,UPS,LOST_PARCEL,Incident regarding lost parcel,OPEN,customer0012@example.com,
TRF-000013,2026-09-15,US,B2B,TRACK000013,UPS,LOST_PARCEL,Incident regarding lost parcel,OPEN,customer0013@example.com,
TRF-000014,2026-09-15,US,B2B,TRACK000014,UPS,LOST_PARCEL,Incident regarding lost parcel,OPEN,customer0014@example.com,
TRF-000015,2026-09-15,US,B2B,TRACK000015,UPS,DELAYED_DELIVERY,Incident regarding delayed delivery,OPEN,customer0015@example.com,
TRF-000016,2026-09-15,US,B2B,TRACK000016,UPS,DELAYED_DELIVERY,Incident regarding delayed delivery,OPEN,customer0016@example.com,
TRF-000017,2026-09-15,US,B2B,TRACK000017,UPS,DELAYED_DELIVERY,Incident regarding delayed delivery,OPEN,customer0017@example.com,
TRF-000018,2026-09-15,US,B2B,TRACK000018,UPS,DELAYED_DELIVERY,Incident regarding delayed delivery,OPEN,customer0018@example.com,
TRF-000019,2026-09-15,US,B2B,TRACK000019,UPS,DELAYED_DELIVERY,Incident regarding delayed delivery,OPEN,customer0019@example.com,
TRF-000020,2026-09-15,US,B2B,TRACK000020,UPS,DELAYED_DELIVERY,Incident regarding delayed delivery,OPEN,customer0020@example.com,
TRF-000021,2026-09-15,US,B2B,TRACK000021,UPS,DELAYED_DELIVERY,Incident regarding delayed delivery,OPEN,customer0021@example.com,
TRF-000022,2026-09-15,US,B2B,TRACK000022,UPS,DELAYED_DELIVERY,Incident regarding delayed delivery,OPEN,customer0022@example.com,
TRF-000023,2026-09-15,US,B2B,TRACK000023,UPS,DELAYED_DELIVERY,Incident regarding delayed delivery,OPEN,customer0023@example.com,
TRF-000024,2026-09-15,US,B2B,TRACK000024,UPS,DELAYED_DELIVERY,Incident regarding delayed delivery,OPEN,customer0024@example.com,
TRF-000025,2026-09-15,US,B2B,TRACK000025,UPS,DELAYED_DELIVERY,Incident regarding delayed delivery,OPEN,customer0025@example.com,
TRF-000026,2026-09-15,US,B2B,TRACK000026,UPS,DELAYED_DELIVERY,Incident regarding delayed delivery,OPEN,customer0026@example.com,
TRF-000027,2026-09-15,US,B2B,TRACK000027,UPS,DELAYED_DELIVERY,Incident regarding delayed delivery,OPEN,customer0027@example.com,
TRF-000028,2026-09-15,US,B2B,TRACK000028,UPS,DELAYED_DELIVERY,Incident regarding delayed delivery,OPEN,customer0028@example.com,
TRF-000029,2026-09-15,US,B2B,TRACK000029,UPS,DELAYED_DELIVERY,Incident regarding delayed delivery,OPEN,customer0029@example.com,
TRF-000030,2026-09-15,US,B2B,TRACK000030,UPS,DELAYED_DELIVERY,Incident regarding delayed delivery,CLOSED,customer0030@example.com,1
TRF-000031,2026-09-15,US,B2B,TRACK000031,UPS,DELAYED_DELIVERY,Incident regarding delayed delivery,CLOSED,customer0031@example.com,1
TRF-000032,2026-09-15,US,B2B,TRACK000032,UPS,DELAYED_DELIVERY,Incident regarding delayed delivery,CLOSED,customer0032@example.com,1
TRF-000033,2026-09-15,US,B2B,TRACK000033,UPS,DELAYED_DELIVERY,Incident regarding delayed delivery,CLOSED,customer0033@example.com,1
TRF-000034,2026-09-15,US,B2B,TRACK000034,UPS,DELAYED_DELIVERY,Incident regarding delayed delivery,CLOSED,customer0034@example.com,1
TRF-000035,2026-09-15,US,B2B,TRACK000035,UPS,DELAYED_DELIVERY,Incident regarding delayed delivery,CLOSED,customer0035@example.com,1
TRF-000036,2026-09-15,US,B2B,TRACK000036,UPS,DELAYED_DELIVERY,Incident regarding delayed delivery,CLOSED,customer0036@example.com,2
TRF-000037,2026-09-15,US,B2B,TRACK000037,UPS,DELAYED_DELIVERY,Incident regarding delayed delivery,CLOSED,customer0037@example.com,2
TRF-000038,2026-09-15,US,B2B,TRACK000038,UPS,DELAYED_DELIVERY,Incident regarding delayed delivery,CLOSED,customer0038@example.com,2
TRF-000039,2026-09-15,US,B2B,TRACK000039,UPS,DELAYED_DELIVERY,Incident regarding delayed delivery,CLOSED,customer0039@example.com,2
TRF-000040,2026-09-15,US,B2B,TRACK000040,UPS,DELAYED_DELIVERY,Incident regarding delayed delivery,CLOSED,customer0040@example.com,2
TRF-000041,2026-09-15,US,B2B,TRACK000041,UPS,DELAYED_DELIVERY,Incident regarding delayed delivery,CLOSED,customer0041@example.com,2
TRF-000042,2026-09-15,US,B2B,TRACK000042,UPS,DELAYED_DELIVERY,Incident regarding delayed delivery,CLOSED,customer0042@example.com,2
TRF-000043,2026-09-15,US,B2B,TRACK000043,UPS,DELAYED_DELIVERY,Incident regarding delayed delivery,CLOSED,customer0043@example.com,2
TRF-000044,2026-09-15,US,B2B,TRACK000044,UPS,DELAYED_DELIVERY,Incident regarding delayed delivery,CLOSED,customer0044@example.com,2
TRF-000045,2026-09-15,US,B2B,TRACK000045,UPS,DELAYED_DELIVERY,Incident regarding delayed delivery,CLOSED,customer0045@example.com,2
TRF-000046,2026-09-15,US,B2B,TRACK000046,UPS,DELAYED_DELIVERY,Incident regarding delayed delivery,CLOSED,customer0046@example.com,2
TRF-000047,2026-09-15,US,B2B,TRACK000047,UPS,DELAYED_DELIVERY,Incident regarding delayed delivery,CLOSED,customer0047@example.com,3
TRF-000048,2026-09-15,US,B2B,TRACK000048,UPS,DELAYED_DELIVERY,Incident regarding delayed delivery,CLOSED,customer0048@example.com,3
TRF-000049,2026-09-15,US,B2B,TRACK000049,UPS,DELAYED_DELIVERY,Incident regarding delayed delivery,CLOSED,customer0049@example.com,3
TRF-000050,2026-09-15,US,B2B,TRACK000050,UPS,DELAYED_DELIVERY,Incident regarding delayed delivery,CLOSED,customer0050@example.com,3
TRF-000051,2026-09-15,ES,B2C,TRACK000051,MRW,DELAYED_DELIVERY,Incident regarding delayed delivery,CLOSED,customer0051@example.com,3
TRF-000052,2026-09-15,ES,B2C,TRACK000052,MRW,DELAYED_DELIVERY,Incident regarding delayed delivery,CLOSED,customer0052@example.com,3
TRF-000053,2026-09-15,ES,B2C,TRACK000053,MRW,WRONG_ADDRESS,Incident regarding wrong address,CLOSED,customer0053@example.com,3
TRF-000054,2026-09-15,ES,B2C,TRACK000054,MRW,WRONG_ADDRESS,Incident regarding wrong address,CLOSED,customer0054@example.com,3
TRF-000055,2026-09-15,ES,B2C,TRACK000055,MRW,WRONG_ADDRESS,Incident regarding wrong address,CLOSED,customer0055@example.com,3
TRF-000056,2026-09-15,ES,B2C,TRACK000056,MRW,WRONG_ADDRESS,Incident regarding wrong address,CLOSED,customer0056@example.com,3
TRF-000057,2026-09-15,ES,B2C,TRACK000057,MRW,WRONG_ADDRESS,Incident regarding wrong address,CLOSED,customer0057@example.com,3
TRF-000058,2026-09-15,ES,B2C,TRACK000058,MRW,WRONG_ADDRESS,Incident regarding wrong address,CLOSED,customer0058@example.com,3
TRF-000059,2026-09-15,ES,B2C,TRACK000059,MRW,WRONG_ADDRESS,Incident regarding wrong address,CLOSED,customer0059@example.com,3
TRF-000060,2026-09-15,ES,B2C,TRACK000060,MRW,WRONG_ADDRESS,Incident regarding wrong address,CLOSED,customer0060@example.com,3
TRF-000061,2026-09-15,ES,B2C,TRACK000061,MRW,WRONG_ADDRESS,Incident regarding wrong address,CLOSED,customer0061@example.com,3
TRF-000062,2026-09-15,ES,B2C,TRACK000062,MRW,WRONG_ADDRESS,Incident regarding wrong address,CLOSED,customer0062@example.com,4
TRF-000063,2026-09-15,ES,B2C,TRACK000063,MRW,WRONG_ADDRESS,Incident regarding wrong address,CLOSED,customer0063@example.com,4
TRF-000064,2026-09-15,ES,B2C,TRACK000064,MRW,WRONG_ADDRESS,Incident regarding wrong address,CLOSED,customer0064@example.com,4
TRF-000065,2026-09-15,ES,B2C,TRACK000065,MRW,WRONG_ADDRESS,Incident regarding wrong address,CLOSED,customer0065@example.com,4
TRF-000066,2026-09-15,ES,B2C,TRACK000066,MRW,WRONG_ADDRESS,Incident regarding wrong address,CLOSED,customer0066@example.com,4
TRF-000067,2026-09-15,ES,B2C,TRACK000067,MRW,WRONG_ADDRESS,Incident regarding wrong address,CLOSED,customer0067@example.com,4
TRF-000068,2026-09-15,ES,B2C,TRACK000068,MRW,WRONG_ADDRESS,Incident regarding wrong address,CLOSED,customer0068@example.com,4
TRF-000069,2026-09-15,ES,B2C,TRACK000069,MRW,WRONG_ADDRESS,Incident regarding wrong address,CLOSED,customer0069@example.com,4
TRF-000070,2026-09-15,ES,B2C,TRACK000070,MRW,WRONG_ADDRESS,Incident regarding wrong address,CLOSED,customer0070@example.com,4
TRF-000071,2026-09-15,ES,B2C,TRACK000071,MRW,WRONG_ADDRESS,Incident regarding wrong address,CLOSED,customer0071@example.com,4
TRF-000072,2026-09-15,ES,B2C,TRACK000072,MRW,RETURN_REQUEST,Incident regarding return request,CLOSED,customer0072@example.com,4
TRF-000073,2026-09-15,ES,B2C,TRACK000073,MRW,RETURN_REQUEST,Incident regarding return request,CLOSED,customer0073@example.com,4
TRF-000074,2026-09-15,ES,B2C,TRACK000074,MRW,RETURN_REQUEST,Incident regarding return request,CLOSED,customer0074@example.com,4
TRF-000075,2026-09-15,ES,B2C,TRACK000075,MRW,RETURN_REQUEST,Incident regarding return request,CLOSED,customer0075@example.com,4
TRF-000076,2026-09-15,ES,B2C,TRACK000076,MRW,RETURN_REQUEST,Incident regarding return request,CLOSED,customer0076@example.com,5
TRF-000077,2026-09-15,ES,B2C,TRACK000077,MRW,RETURN_REQUEST,Incident regarding return request,CLOSED,customer0077@example.com,5
TRF-000078,2026-09-15,ES,B2C,TRACK000078,MRW,RETURN_REQUEST,Incident regarding return request,CLOSED,customer0078@example.com,5
TRF-000079,2026-09-15,ES,B2C,TRACK000079,MRW,RETURN_REQUEST,Incident regarding return request,CLOSED,customer0079@example.com,5
TRF-000080,2026-09-15,ES,B2C,TRACK000080,MRW,RETURN_REQUEST,Incident regarding return request,CLOSED,customer0080@example.com,5
TRF-000081,2026-09-15,ES,B2C,TRACK000081,MRW,RETURN_REQUEST,Incident regarding return request,CLOSED,customer0081@example.com,5
TRF-000082,2026-09-15,ES,B2C,TRACK000082,MRW,RETURN_REQUEST,Incident regarding return request,DISCARDED,customer0082@example.com,
TRF-000083,2026-09-15,ES,B2C,TRACK000083,MRW,RETURN_REQUEST,Incident regarding return request,DISCARDED,customer0083@example.com,
TRF-000084,2026-09-15,ES,B2C,TRACK000084,MRW,RETURN_REQUEST,Incident regarding return request,DISCARDED,customer0084@example.com,
TRF-000085,2026-09-15,ES,B2C,TRACK000085,MRW,RETURN_REQUEST,Incident regarding return request,DISCARDED,customer0085@example.com,
TRF-000086,2026-09-15,ES,B2C,TRACK000086,MRW,RETURN_REQUEST,Incident regarding return request,DISCARDED,customer0086@example.com,
TRF-000087,2026-09-15,ES,B2C,TRACK000087,MRW,RETURN_REQUEST,Incident regarding return request,DISCARDED,customer0087@example.com,
TRF-000088,2026-09-15,ES,B2C,TRACK000088,MRW,RETURN_REQUEST,Incident regarding return request,DISCARDED,customer0088@example.com,
TRF-000089,2026-09-15,ES,B2C,TRACK000089,MRW,DAMAGE,Incident regarding damage,DISCARDED,customer0089@example.com,
TRF-000090,2026-09-15,ES,B2C,TRACK000090,MRW,DAMAGE,Incident regarding damage,DISCARDED,customer0090@example.com,
TRF-000091,2026-09-15,ES,B2C,TRACK000091,MRW,DAMAGE,Incident regarding damage,DISCARDED,customer0091@example.com,
TRF-000092,2026-09-15,ES,B2C,TRACK000092,MRW,DAMAGE,Incident regarding damage,DISCARDED,customer0092@example.com,
TRF-000093,2026-09-15,ES,B2C,TRACK000093,MRW,DAMAGE,Incident regarding damage,DISCARDED,customer0093@example.com,
TRF-000094,2026-09-15,ES,B2C,TRACK000094,MRW,DAMAGE,Incident regarding damage,DISCARDED,customer0094@example.com,
TRF-000095,2026-09-15,ES,B2C,TRACK000095,MRW,DAMAGE,Incident regarding damage,DISCARDED,customer0095@example.com,
TRF-000096,2026-09-15,US,B2C,SHORT,UPS,LOST_PARCEL,Missing tracking number,OPEN,bad-tracking@example.com,
TRF-000097,2026-09-15,ES,B2C,TRACK000099,UPS,DAMAGE,Carrier mismatch test,OPEN,carrier-mismatch@example.com,
TRF-000098,2026-09-15,US,B2C,TRACK000100,UPS,INVALID_CAT,Bad category test,OPEN,bad-category@example.com,
TRF-000099,2026-09-15,US,B2C,TRACK000101,FEDEX,WRONG_ADDRESS,Bad email test,CLOSED,not-an-email,3
TRF-000100,2026-09-15,ES,B2B,TRACK000102,SEUR,DELAYED_DELIVERY,Closed missing score test,CLOSED,no-score@example.com,
